insert into locations values ('000000001', '2260 Hayward', 'Ann Arbor', 'Michigan', '48109', 'United States');
insert into locations values ('000000002', '2300 Hayward', 'Ann Arbor', 'Michigan', '48109', 'United States');
insert into locations values ('000000003', '4901 Evergreen', 'Dearborn', 'Michigan', '48128', 'United States');
insert into locations values ('000000004', '411 Woody Hayes Dr', 'Columbus', 'Ohio', '43210', 'United States');
insert into locations values ('000000005', '58 Knightsbridge', 'London', '', 'SW1X 7JT', 'United Kingdom');
insert into locations values ('000000006', '490 Sussex Dr,', 'Ottawa', 'Ontario', 'K1N 1G8', 'Canada');
insert into locations values ('000000007', '1095 W Pender St,', 'Vancouver', 'British Columbia', 'V6E 2M6', 'Canada');
insert into locations values ('000000008', 'Paseo de la Reforma 305, Cuauhtémoc', 'Ciudad de México', 'CDMX', '06500', 'Mexico');

insert into descriptions values ('000000001', '00000001', 'Bob and Betty Beyster Building Abbreviated as BBB Main Entrance', NULL);
insert into descriptions values ('000000001', '00000002', 'BBB Atrium Entrance. To the left after entrance is the engineering computer lab. To the right are tables for group work. Straight ahead are restrooms, stairways and elevators going up 4 floors', NULL);
insert into descriptions values ('000000001', '00000003', 'BBB Room 1670 Entrance 1', NULL);
insert into descriptions values ('000000001', '00000004', 'BBB Room 1695 Engineering Computer Lab', NULL);
insert into descriptions values ('000000001', '00000005', 'BBB Main Staircase 1, goes straight forward, with exit at each floor', NULL);
insert into descriptions values ('000000001', '00000006', 'BBB Main Staircase 2, spiraling with exit at each floor', NULL);
insert into descriptions values ('000000001', '00000007', 'BBB Elevators', NULL);
insert into descriptions values ('000000001', '00000008', 'Short 20 foot Hallway containing Restrooms and Drinking Fountain', NULL);
insert into descriptions values ('000000001', '00000009', 'Drinking Fountain and Water Refill Station', NULL);
insert into descriptions values ('000000001', '0000000A', 'Mens Restroom', NULL);
insert into descriptions values ('000000001', '0000000B', 'Womens Restroom', NULL);
insert into descriptions values ('000000002', '00000001', 'DOW 1010 Entrance 1', NULL);
insert into descriptions values ('000000002', '00000002', 'DOW 1010 Entrance 2', NULL);
insert into descriptions values ('000000002', '00000003', 'DOW 1006 Entrance 1', NULL);
insert into descriptions values ('000000002', '00000004', 'DOW 1006 Entrance 2', NULL);
insert into descriptions values ('000000002', '00000005', 'Whiteboard', NULL);
insert into descriptions values ('000000002', '00000006', 'Electronic Projector', NULL);
insert into descriptions values ('000000002', '00000007', 'Emergency Evacuation Plan. Please exit DOW 1010 and turn right. Move approximately 50 feet and turn left to exit building', NULL);
insert into descriptions values ('000000002', '00000008', 'Standard for Spatial Accessibility Omega Release Demonstration. Created by Alexander Prokic, Nils Strand, Leon Liang, Muhammad Jahangir', NULL);

insert into tags values ('00','000000001','00000001','00000');
insert into tags values ('00','000000001','00000002','00000');
insert into tags values ('00','000000001','00000003','00000');
insert into tags values ('00','000000001','00000004','00000');
insert into tags values ('00','000000001','00000005','00000');
insert into tags values ('00','000000001','00000006','00000');
insert into tags values ('00','000000001','00000007','00000');
insert into tags values ('00','000000001','00000008','00000');
insert into tags values ('00','000000001','00000009','00000');
insert into tags values ('00','000000001','0000000A','00000');
insert into tags values ('00','000000001','0000000B','00000');
insert into tags values ('00','000000002','00000001','00000');
insert into tags values ('00','000000002','00000002','00000');
insert into tags values ('00','000000002','00000003','00000');
insert into tags values ('00','000000002','00000004','00000');
insert into tags values ('00','000000002','00000005','00000');
insert into tags values ('00','000000002','00000006','00000');
insert into tags values ('00','000000002','00000007','00000');
insert into tags values ('00','000000002','00000008','00000');
