insert into locations values ('000000001', '2260 Hayward', 'Ann Arbor', 'MI', '48109', 'USA');
insert into locations values ('000000002', '2300 Hayward', 'Ann Arbor', 'MI', '48109', 'USA');
insert into locations values ('000000003', '4901 Evergreen', 'Dearborn', 'MI', '48128', 'USA');
insert into locations values ('000000004', '411 Woody Hayes Dr', 'Columbus', 'OH', '43210', 'USA');
insert into locations values ('000000005', '58 Knightsbridge', 'London', '', 'SW1X 7JT', 'UK');
insert into locations values ('000000006', '490 Sussex Dr,', 'Ottawa', 'ON', 'K1N 1G8', 'Canada');

insert into descriptions values ('000000001', '00000001', 'Bob and Betty Beyster Building Abbreviated as BBB Main Entrance', NULL);
insert into descriptions values ('000000001', '00000002', 'BBB Room 1670 Entrance 1', NULL);
insert into descriptions values ('000000002', '00000001', 'DOW 1010 Entrance 1', NULL);
insert into descriptions values ('000000002', '00000002', 'DOW 1010 Entrance 2', NULL);
insert into descriptions values ('000000002', '00000003', 'DOW 1006 Entrance 1', NULL);
insert into descriptions values ('000000002', '00000004', 'DOW 1006 Entrance 2', NULL);

insert into tags values ('00','000000001','00000001','00000');
insert into tags values ('00','000000001','00000002','00000');
insert into tags values ('00','000000002','00000001','00000');
insert into tags values ('00','000000002','00000002','00000');
insert into tags values ('00','000000002','00000003','00000');
insert into tags values ('00','000000002','00000004','00000');
